Linea,No. Pedido,Producto,Cantidad,Precio,Total,Impuesto,Unidad
10,1000011,15220 || Banda,74,0.86,63.41,IVA 0% - 01/02/2014,UNIDAD
20,1000011,15280 || Alt Lada Samara,80,0.86,68.55,IVA 0% - 01/02/2014,UNIDAD
30,1000011,15320 || Alt Kia Towner /Alt Mini Austin / Ac Daewoo Racer C,484,0.92,446.25,IVA 0% - 01/02/2014,UNIDAD
40,1000011,15330 || Alt Forza 1 / Ac Daewoo Cielo / Ac VW Gol 1.6L 1.8L,648,0.98,632.60,IVA 0% - 01/02/2014,UNIDAD
50,1000011,15340 || Alt Fiat Premio / Ac Furgoneta Citivan DFSK ,618,1.00,616.72,IVA 0% - 01/02/2014,UNIDAD
60,1000011,15350 || Alt Ford Festiva >93 /Alt Toy HiLux 2.4L /Alt Mazda,615,1.02,627.07,IVA 0% - 01/02/2014,UNIDAD
70,1000011,15370 || Alt Lada/Nissan 2.4L 96 /Monza 2.0L/Daewoo R/ Gol 1,538,1.07,577.74,IVA 0% - 01/02/2014,UNIDAD
80,1000011,15380 || Alt Datsun 1.2L/Maz 323 /H100 Gas /L200-L300/Mont2.,545,1.08,591.16,IVA 0% - 01/02/2014,UNIDAD
90,1000011,15390 || Alt Nissan Sentra 1.6L 8v / Alt Aska ,157,1.11,173.70,IVA 0% - 01/02/2014,UNIDAD
100,1000011,15400 || Alt Fiat Spazio/ Alt Fiat Premio / Alt Fiat Fiorino,461,1.14,525.05,IVA 0% - 01/02/2014,UNIDAD
110,1000011,15410 || Dh Trooper Wagon 3.2L / Alt Aska 1.8L 2.0L,232,1.18,274.30,IVA 0% - 01/02/2014,UNIDAD
120,1000011,15420 || Alt Dmax 2.4L 2000 >2004 / Alt Chev Luv 2.2L / Dh I,393,1.21,477.44,IVA 0% - 01/02/2014,UNIDAD
130,1000011,15430 || Alt H100 Diesel 2003 / Terracan 2.5L 2006 / Blazer,1651,1.25,2059.48,IVA 0% - 01/02/2014,UNIDAD
140,1000011,15440 || Alt Chevrolet C10 / Alt Cummins 350 ,160,1.27,203.06,IVA 0% - 01/02/2014,UNIDAD
150,1000011,15460 || Alt Volvo B10M / Alt Volvo B58,156,1.32,206.44,IVA 0% - 01/02/2014,UNIDAD
160,1000011,15470 || Alt Peugeot 305 ,160,1.35,215.21,IVA 0% - 01/02/2014,UNIDAD
170,1000011,15480 || Banda,72,1.39,99.97,IVA 0% - 01/02/2014,UNIDAD
180,1000011,15500 || Banda,80,1.44,115.41,IVA 0% - 01/02/2014,UNIDAD
190,1000011,15530 || Banda,79,1.52,119.97,IVA 0% - 01/02/2014,UNIDAD
200,1000011,15540 || Banda,78,1.55,120.99,IVA 0% - 01/02/2014,UNIDAD
210,1000011,15560 || Banda,80,1.61,128.43,IVA 0% - 01/02/2014,UNIDAD
220,1000011,15580 || Banda,79,1.66,131.11,IVA 0% - 01/02/2014,UNIDAD
230,1000011,15590 || Alt Montero V3000 88-96,77,1.68,129.46,IVA 0% - 01/02/2014,UNIDAD
240,1000011,17240 || Dh Hyun  Excel 1.3L 1.5L / Elantra 1.6L / Mit Lance,72,1.06,76.54,IVA 0% - 01/02/2014,UNIDAD
250,1000011,17250 || Dh Hyundai 2.5L 3.5L 4.5L ,69,1.06,73.35,IVA 0% - 01/02/2014,UNIDAD
260,1000011,17260 || Dh Accent Verna 1.5L >2001/Elantra 1.8L /Getz 1.6L ,2168,1.06,2304.61,IVA 0% - 01/02/2014,UNIDAD
270,1000011,17270 || Dh Hyundai Sonata 2.0L / Dh Hyundai Elantra 1.6L 1.,201,1.06,213.67,IVA 0% - 01/02/2014,UNIDAD
280,1000011,17290 || Dh H100 Diesel 2003>/Aska 1.8L / Montero 84>94  2.6,130,1.06,138.19,IVA 0% - 01/02/2014,UNIDAD
290,1000011,17300 || Dh Kia Sportage 2.0L / Ac Gemini 1.3L 1.5L  ,338,1.06,359.30,IVA 0% - 01/02/2014,UNIDAD
300,1000011,17310 || Ac Hy Excel 1.5L / Ac Terracan 2.5L / Dh Mitsu L300,276,1.08,299.38,IVA 0% - 01/02/2014,UNIDAD
310,1000011,17320 || Dh Isuzu NHR / Dh Montero 3.0L 92 / Ac Nissan Sentr,272,1.11,300.94,IVA 0% - 01/02/2014,UNIDAD
320,1000011,17330 || Dh Mazda/F Courier 2.2L/Ac H Exc Pony/Ac Lanos / Sa,755,1.14,859.90,IVA 0% - 01/02/2014,UNIDAD
330,1000011,17340 || Alt Chevrolet Luv 1.6L / Dh Daewoo Espero 2.0L / Dh,410,1.19,489.20,IVA 0% - 01/02/2014,UNIDAD
340,1000011,17350 || Alt Trooper / Luv 2.3 /Rodeo 2.6 / LanCruser/Ac Pre,2106,1.23,2581.36,IVA 0% - 01/02/2014,UNIDAD
350,1000011,17360 || Alt Mazda 2.2L 97/Ac Luv 2.2L/Ac Montero V6 Dohc /A,1052,1.27,1335.10,IVA 0% - 01/02/2014,UNIDAD
360,1000011,17370 || Dh Mazda 2.2L 2.6L 2003>/Ac L300 2.5L Mtr 4D56 / Ac,1919,1.30,2497.86,IVA 0% - 01/02/2014,UNIDAD
370,1000011,22375 || Banda,55,1.81,99.63,IVA 0% - 01/02/2014,UNIDAD
380,1000011,17380 || Dh Dmax 2.4L / Ac Hy H100 2.4L Gas / Alt Mit Mont 2,658,1.33,877.90,IVA 0% - 01/02/2014,UNIDAD
390,1000011,17390 || Alt Maz 2.0L 2.2L 2.6L /Dh L200 L300 2.0L 92>/ Dh T,993,1.38,1367.93,IVA 0% - 01/02/2014,UNIDAD
400,1000011,17395 || Dh y Ac Chevrolet Trooper 2.3L ,132,1.40,184.70,IVA 0% - 01/02/2014,UNIDAD
410,1000011,17400 || Dh Hino FM / Ac Dmax 2.4L /Ac Luv 2.2L / Dh y Ac 2.,1121,1.41,1580.74,IVA 0% - 01/02/2014,UNIDAD
420,1000011,22405 || Banda,326,1.95,636.51,IVA 0% - 01/02/2014,UNIDAD
430,1000011,17410 || Dh Isuzu Rodeo 2.6L / Dh Merc 1315 (2) / Dh King Lo,1057,1.44,1524.89,IVA 0% - 01/02/2014,UNIDAD
440,1000011,17420 || Alt Maz 2.6L >2003/Alt Isuzu NPR >2000/Alt Niss Coa,2369,1.48,3494.75,IVA 0% - 01/02/2014,UNIDAD
450,1000011,17430 || Alt BT50 Diesel (2) /Alt Merc 1923-1924-2624 / Alt ,939,1.52,1425.95,IVA 0% - 01/02/2014,UNIDAD
460,1000011,17435 || Banda,136,1.54,209.48,IVA 0% - 01/02/2014,UNIDAD
470,1000011,17440 || Dh Toy L Cruiser 2.4L 87/ Dh+Ac Maz 323 /Alt Cum350,543,1.55,842.26,IVA 0% - 01/02/2014,UNIDAD
480,1000011,17450 || Alt Kia Topic / Alt Cummins 350(2) / Alt Freightlin,871,1.59,1388.83,IVA 0% - 01/02/2014,UNIDAD
490,1000011,17460 || Alt HD72 (2) /Dh Niss2.4L / Dh Mit Canter (2) / Mit,1079,1.63,1755.60,IVA 0% - 01/02/2014,UNIDAD
500,1000011,17470 || Alt Hyu 4.5L ( 2 ) / Ac BT50 2.6L 2003> / Dh Pathf ,876,1.66,1453.81,IVA 0% - 01/02/2014,UNIDAD
510,1000011,17480 || Alt Mercedes Benz 1921 / Alt Hyundai HD78 (2),254,1.68,427.05,IVA 0% - 01/02/2014,UNIDAD
520,1000011,17490 || Alt Merc  Brasil 126 - 280 (2) /Alt Isuzu Super FVR,337,1.74,584.87,IVA 0% - 01/02/2014,UNIDAD
530,1000011,17500 || Alt Nissan Frontier 2008 / Alt Hino Dutro / Comp Ni,468,1.76,822.38,IVA 0% - 01/02/2014,UNIDAD
540,1000011,17510 || Alt Motor Cummis 350 (2)     ,133,1.81,240.92,IVA 0% - 01/02/2014,UNIDAD
550,1000011,17520 || Alt Mercedes Benz (2) ,331,1.82,603.18,IVA 0% - 01/02/2014,UNIDAD
560,1000011,17540 || Alt Mercedes Benz Brasil 1620 366 (2) / Mercedes 17,464,1.88,870.72,IVA 0% - 01/02/2014,UNIDAD
570,1000011,17550 || Dh Dmax 2.5L Diesel 2016> / Ac Monte / Ac M Benz /A,671,1.92,1288.27,IVA 0% - 01/02/2014,UNIDAD
580,1000011,17560 || Ac Nissan Pathfinder / Mazda 2.6L 96 / Polea Merce ,332,1.97,655.42,IVA 0% - 01/02/2014,UNIDAD
590,1000011,17580 || Scania 110-111-113-114-116 / Mercedes 400  401 ,197,2.05,403.87,IVA 0% - 01/02/2014,UNIDAD
600,1000011,17590 || Dh y Ac  Dmax 2.5L  y 3.0L 2015> / Ac Asia Topic Sc,412,2.08,858.05,IVA 0% - 01/02/2014,UNIDAD
610,1000011,17600 || Dh y Ac Luv 2.8L / Alt Mercedes Benz ,200,2.10,420.87,IVA 0% - 01/02/2014,UNIDAD
620,1000011,17610 || Dh Dmax 3.0L hasta >2015 (2) / Benz Brasil 1620 366,975,2.14,2083.45,IVA 0% - 01/02/2014,UNIDAD
630,1000011,17670 || Trailer Mack Mtr Cummins 350-400 (2),64,2.35,150.64,IVA 0% - 01/02/2014,UNIDAD
